INSERT INTO direcciones (comuna, calle, departamento, numero_d) VALUES
('Santiago Centro', 'Alameda', '1203B', '245'),
('Maipú', 'Los Pinos', NULL, '567'),
('Providencia', 'Pedro de Valdivia', '502A', '333'),
('Ñuñoa', 'Irarrázaval', '803C', '999'),
('Las Condes', 'Apoquindo', NULL, '1200'),
('Recoleta', 'Dardignac', '2B', '231'),
('Puente Alto', 'Concha y Toro', NULL, '544'),
('La Florida', 'Vicuña Mackenna', '3A', '879'),
('Vitacura', 'Kennedy', NULL, '321'),
('Peñalolén', 'Tobalaba', '402', '678'),
('Lo Prado', 'San Pablo', NULL, '999'),
('Estación Central', 'Coronel Godoy', NULL, '301'),
('San Miguel', 'Gran Avenida', '1002', '201'),
('Independencia', 'Gamero', NULL, '458'),
('Macul', 'Los Plátanos', 'A1', '753'),
('Huechuraba', 'El Salto', NULL, '502'),
('San Bernardo', 'Colón', 'B4', '333'),
('Quilicura', 'Lo Marcoleta', NULL, '742'),
('Cerrillos', 'Camino a Melipilla', NULL, '645'),
('La Cisterna', 'Américo Vespucio', '7A', '902');

INSERT INTO clientes (id_direccion, nombre, apellido, rut, telefono, mail) VALUES
(1, 'Juan', 'Pérez', '12345678-9', '+56911111111', 'juan.perez@mail.com'),
(2, 'María', 'González', '9876543-2', '+56922222222', 'maria.gonzalez@mail.com'),
(3, 'Pedro', 'Ramírez', '15234876-5', '+56933333333', 'pedro.ramirez@mail.com'),
(4, 'Laura', 'Soto', '14456789-3', '+56944444444', 'laura.soto@mail.com'),
(5, 'Diego', 'Molina', '11222333-4', '+56955555555', 'diego.molina@mail.com'),
(6, 'Camila', 'Herrera', '16987654-0', '+56966666666', 'camila.herrera@mail.com'),
(7, 'Andrés', 'Torres', '17456123-7', '+56977777777', 'andres.torres@mail.com'),
(8, 'Daniela', 'Pino', '18765432-1', '+56988888888', 'daniela.pino@mail.com'),
(9, 'Felipe', 'Muñoz', '19234567-2', '+56999999999', 'felipe.munoz@mail.com'),
(10, 'Valentina', 'Silva', '10987654-3', '+56910101010', 'valentina.silva@mail.com'),
(11, 'Javier', 'Castro', '13765432-8', '+56912121212', 'javier.castro@mail.com'),
(12, 'Natalia', 'Rojas', '17543210-6', '+56913131313', 'natalia.rojas@mail.com'),
(13, 'Cristóbal', 'Vega', '11765432-9', '+56914141414', 'cristobal.vega@mail.com'),
(14, 'Antonia', 'Campos', '12999111-0', '+56915151515', 'antonia.campos@mail.com'),
(15, 'Ignacio', 'Fuentes', '15111222-3', '+56916161616', 'ignacio.fuentes@mail.com'),
(16, 'Fernanda', 'Leiva', '16555666-9', '+56917171717', 'fernanda.leiva@mail.com'),
(17, 'Matías', 'Bravo', '18444333-7', '+56918181818', 'matias.bravo@mail.com'),
(18, 'Josefa', 'Méndez', '19888777-5', '+56919191919', 'josefa.mendez@mail.com'),
(19, 'Tomás', 'Carrasco', '10333222-1', '+56920202020', 'tomas.carrasco@mail.com'),
(20, 'Isidora', 'Navarro', '13111999-8', '+56921212121', 'isidora.navarro@mail.com');

INSERT INTO cuentas (id_cliente, numero_c, saldo, fecha_apertura, tipo_cuenta, estado_cuenta) VALUES
(1, '001-0001-000001', 1250000.00, '2024-05-10 10:30:00', 'corriente', 1),
(2, '001-0001-000002', 850000.50, '2024-06-15 09:00:00', 'ahorro', 1),
(3, '001-0001-000003', 500000.00, '2024-04-11 11:00:00', 'vista', 1),
(4, '001-0001-000004', 320000.75, '2024-01-01 08:00:00', 'corriente', 1),
(5, '001-0001-000005', 975000.00, '2024-03-20 15:00:00', 'ahorro', 1),
(6, '001-0001-000006', 1520000.00, '2024-02-10 12:00:00', 'corriente', 1),
(7, '001-0001-000007', 410000.50, '2024-05-22 16:00:00', 'vista', 1),
(8, '001-0001-000008', 270000.00, '2024-07-14 14:00:00', 'corriente', 1),
(9, '001-0001-000009', 187000.00, '2024-07-20 09:30:00', 'ahorro', 1),
(10, '001-0001-000010', 650000.00, '2024-08-05 10:45:00', 'vista', 1),
(11, '001-0001-000011', 720000.00, '2024-02-15 13:20:00', 'ahorro', 1),
(12, '001-0001-000012', 540000.00, '2024-03-10 09:50:00', 'corriente', 1),
(13, '001-0001-000013', 990000.00, '2024-06-12 11:10:00', 'corriente', 1),
(14, '001-0001-000014', 310000.00, '2024-07-07 08:15:00', 'ahorro', 1),
(15, '001-0001-000015', 120000.00, '2024-05-23 14:10:00', 'vista', 1),
(16, '001-0001-000016', 840000.00, '2024-06-21 12:25:00', 'corriente', 1),
(17, '001-0001-000017', 420000.00, '2024-07-30 16:45:00', 'ahorro', 1),
(18, '001-0001-000018', 150000.00, '2024-05-13 09:40:00', 'vista', 1),
(19, '001-0001-000019', 930000.00, '2024-03-11 10:05:00', 'corriente', 1),
(20, '001-0001-000020', 610000.00, '2024-08-01 08:35:00', 'ahorro', 1);

INSERT INTO cuentas_destino (tipo_cuenta_destino, estado_cuenta_destino, nombre_titular) VALUES
('corriente', 1, 'Pedro Ramírez'),
('ahorro', 1, 'Laura Soto'),
('vista', 1, 'Carolina Díaz'),
('corriente', 1, 'Gonzalo Pérez'),
('ahorro', 1, 'Natalia Figueroa'),
('vista', 1, 'Felipe Gálvez'),
('corriente', 1, 'Andrea Torres'),
('ahorro', 1, 'Miguel León'),
('vista', 1, 'Patricia Muñoz'),
('corriente', 1, 'Rodrigo Valdés'),
('ahorro', 1, 'Bárbara Reyes'),
('vista', 1, 'Jorge Pino'),
('corriente', 1, 'Susana Rivas'),
('ahorro', 1, 'Cristian Soto'),
('vista', 1, 'Camilo Bravo'),
('corriente', 1, 'Paula Cabrera'),
('ahorro', 1, 'Mauricio Vidal'),
('vista', 1, 'Rocío Ortega'),
('corriente', 1, 'Benjamín López'),
('ahorro', 1, 'Claudia Espinoza');

INSERT INTO transacciones (id_cuenta, id_cuenta_destino, tipo_transaccion, fecha_transaccion, monto, descripcion) VALUES
(1, 1, 'transferencia', '2024-07-01 12:00:00', 25000.00, 'Pago de servicios básicos'),
(2, 2, 'transferencia', '2024-07-02 15:45:00', 50000.00, 'Ahorro mensual'),
(3, 3, 'retiro', '2024-07-03 09:10:00', 100000.00, 'Retiro en efectivo'),
(4, 4, 'depósito', '2024-07-04 10:30:00', 75000.00, 'Depósito en cuenta'),
(5, 5, 'transferencia', '2024-07-05 11:00:00', 120000.00, 'Pago crédito'),
(6, 6, 'transferencia', '2024-07-06 13:20:00', 95000.00, 'Transferencia familiar'),
(7, 7, 'depósito', '2024-07-07 08:40:00', 30000.00, 'Depósito caja'),
(8, 8, 'retiro', '2024-07-08 09:50:00', 70000.00, 'Retiro cajero'),
(9, 9, 'transferencia', '2024-07-09 14:00:00', 150000.00, 'Pago servicios'),
(10, 10, 'depósito', '2024-07-10 16:20:00', 200000.00, 'Depósito cliente'),
(11, 11, 'transferencia', '2024-07-11 12:45:00', 50000.00, 'Pago arriendo'),
(12, 12, 'retiro', '2024-07-12 09:30:00', 60000.00, 'Retiro efectivo'),
(13, 13, 'depósito', '2024-07-13 11:10:00', 80000.00, 'Depósito efectivo'),
(14, 14, 'transferencia', '2024-07-14 13:00:00', 120000.00, 'Pago servicios'),
(15, 15, 'retiro', '2024-07-15 15:25:00', 45000.00, 'Retiro cajero'),
(16, 16, 'depósito', '2024-07-16 10:15:00', 90000.00, 'Depósito transferencia'),
(17, 17, 'transferencia', '2024-07-17 12:35:00', 75000.00, 'Pago proveedor'),
(18, 18, 'retiro', '2024-07-18 09:50:00', 30000.00, 'Retiro efectivo'),
(19, 19, 'depósito', '2024-07-19 14:20:00', 110000.00, 'Depósito cuenta'),
(20, 20, 'transferencia', '2024-07-20 16:40:00', 125000.00, 'Pago servicios');